wall_time,control_step,action_step,schedule_size,stall,obs_triggered,chunks_received_total,chunks_received_tick,latency_estimate_ms,latency_steps,cooldown,last_send_ms,last_source_step,last_chunk_start,last_num_actions,last_action_dim,payload_bytes,raw_image_bytes,encoded_image_bytes
1777081236.151394,1777081235194,1,49,0,0,1,0,956.812,15,0,796.165,,,,,3311,301056,2820
1777081236.223070,1777081235194,2,48,0,0,1,0,956.812,15,0,796.165,,,,,3311,301056,2820
1777081236.289731,1777081235194,3,47,0,0,1,0,956.812,15,0,796.165,,,,,3311,301056,2820
1777081236.356395,1777081235194,4,46,0,0,1,0,956.812,15,0,796.165,,,,,3311,301056,2820
1777081236.423065,1777081235194,5,45,0,0,1,0,956.812,15,0,796.165,,,,,3311,301056,2820
1777081236.489729,1777081235194,6,44,0,0,1,0,956.812,15,0,796.165,,,,,3311,301056,2820
1777081236.556404,1777081235194,7,43,0,0,1,0,956.812,15,0,796.165,,,,,3311,301056,2820
1777081236.618584,1777081235194,8,42,0,0,1,0,956.812,15,0,796.165,,,,,3311,301056,2820
1777081236.689723,1777081235194,9,41,0,0,1,0,956.812,15,0,796.165,,,,,3311,301056,2820
1777081236.756412,1777081235194,10,40,0,0,1,0,956.812,15,0,796.165,,,,,3311,301056,2820
1777081236.820400,1777081235194,11,39,0,0,1,0,956.812,15,0,796.165,,,,,3311,301056,2820
1777081236.885229,1777081235194,12,38,0,0,1,0,956.812,15,0,796.165,,,,,3311,301056,2820
1777081236.956386,1777081235194,13,37,0,0,1,0,956.812,15,0,796.165,,,,,3311,301056,2820
1777081237.023050,1777081235194,14,36,0,0,1,0,956.812,15,0,796.165,,,,,3311,301056,2820
1777081237.088038,1777081235194,15,35,0,0,1,0,956.812,15,0,796.165,,,,,3311,301056,2820
1777081237.151903,1777081235194,16,34,0,0,1,0,956.812,15,0,796.165,,,,,3311,301056,2820
1777081237.218560,1777081235194,17,33,0,0,1,0,956.812,15,0,796.165,,,,,3311,301056,2820
1777081237.285231,1777081235194,18,32,0,0,1,0,956.812,15,0,796.165,,,,,3311,301056,2820
1777081237.356380,1777081235194,19,31,0,0,1,0,956.812,15,0,796.165,,,,,3311,301056,2820
1777081237.423040,1777081235194,20,30,0,0,1,0,956.812,15,0,796.165,,,,,3311,301056,2820
1777081237.489698,1777081235194,21,29,0,0,1,0,956.812,15,0,796.165,,,,,3311,301056,2820
1777081237.556374,1777081235194,22,28,0,0,1,0,956.812,15,0,796.165,,,,,3311,301056,2820
1777081237.618400,1777081235194,23,27,0,0,1,0,956.812,15,0,796.165,,,,,3311,301056,2820
1777081237.689273,1777081235194,24,26,0,0,1,0,956.812,15,0,796.165,,,,,3311,301056,2820
1777081237.756379,1777081235195,25,25,0,1,1,0,956.812,15,17,258.519,,,,,3311,301056,2820
1777081238.016370,1777081235195,26,24,0,0,1,0,956.812,15,16,258.519,,,,,3311,301056,2820
1777081238.016404,1777081235195,27,23,0,0,1,0,956.812,15,15,258.519,,,,,3311,301056,2820
1777081238.016419,1777081235195,28,22,0,0,1,0,956.812,15,14,258.519,,,,,3311,301056,2820
1777081238.018406,1777081235195,29,21,0,0,1,0,956.812,15,13,258.519,,,,,3311,301056,2820
1777081238.089683,1777081235195,30,20,0,0,1,0,956.812,15,12,258.519,,,,,3311,301056,2820
1777081238.156346,1777081235195,31,44,0,0,2,1,398.696,6,11,258.519,1777081235194,25,50,7,3311,301056,2820
1777081238.223013,1777081235195,32,43,0,0,2,0,398.696,6,10,258.519,,,,,3311,301056,2820
1777081238.289681,1777081235195,33,42,0,0,2,0,398.696,6,9,258.519,,,,,3311,301056,2820
1777081238.356355,1777081235195,34,41,0,0,2,0,398.696,6,8,258.519,,,,,3311,301056,2820
1777081238.423036,1777081235195,35,40,0,0,2,0,398.696,6,7,258.519,,,,,3311,301056,2820
1777081238.485219,1777081235195,36,39,0,0,2,0,398.696,6,6,258.519,,,,,3311,301056,2820
1777081238.556340,1777081235195,37,38,0,0,2,0,398.696,6,5,258.519,,,,,3311,301056,2820
1777081238.619040,1777081235195,38,37,0,0,2,0,398.696,6,4,258.519,,,,,3311,301056,2820
1777081238.687761,1777081235195,39,36,0,0,2,0,398.696,6,3,258.519,,,,,3311,301056,2820
1777081238.756338,1777081235195,40,35,0,0,2,0,398.696,6,2,258.519,,,,,3311,301056,2820
1777081238.823005,1777081235195,41,34,0,0,2,0,398.696,6,1,258.519,,,,,3311,301056,2820
1777081238.886976,1777081235195,42,33,0,0,2,0,398.696,6,0,258.519,,,,,3311,301056,2820
1777081238.955575,1777081235195,43,32,0,0,2,0,398.696,6,0,258.519,,,,,3311,301056,2820
1777081239.023003,1777081235195,44,31,0,0,2,0,398.696,6,0,258.519,,,,,3311,301056,2820
1777081239.089658,1777081235195,45,30,0,0,2,0,398.696,6,0,258.519,,,,,3311,301056,2820
1777081239.151384,1777081235195,46,29,0,0,2,0,398.696,6,0,258.519,,,,,3311,301056,2820
1777081239.222989,1777081235195,47,28,0,0,2,0,398.696,6,0,258.519,,,,,3311,301056,2820
1777081239.289654,1777081235195,48,27,0,0,2,0,398.696,6,0,258.519,,,,,3311,301056,2820
1777081239.356328,1777081235195,49,26,0,0,2,0,398.696,6,0,258.519,,,,,3311,301056,2820
1777081239.419563,1777081235196,50,25,0,1,2,0,398.696,6,8,249.192,,,,,3311,301056,2820
1777081239.669641,1777081235196,51,24,0,0,2,0,398.696,6,7,249.192,,,,,3311,301056,2820
1777081239.669679,1777081235196,52,23,0,0,2,0,398.696,6,6,249.192,,,,,3311,301056,2820
1777081239.669697,1777081235196,53,22,0,0,2,0,398.696,6,5,249.192,,,,,3311,301056,2820
1777081239.688367,1777081235196,54,21,0,0,2,0,398.696,6,4,249.192,,,,,3311,301056,2820
1777081239.756304,1777081235196,55,20,0,0,2,0,398.696,6,3,249.192,,,,,3311,301056,2820
1777081239.822968,1777081235196,56,19,0,0,2,0,398.696,6,2,249.192,,,,,3311,301056,2820
1777081239.889633,1777081235196,57,43,0,0,3,1,469.359,8,1,249.192,1777081235195,50,50,7,3311,301056,2820
1777081239.956295,1777081235196,58,42,0,0,3,0,469.359,8,0,249.192,,,,,3311,301056,2820
1777081240.022966,1777081235196,59,41,0,0,3,0,469.359,8,0,249.192,,,,,3311,301056,2820
1777081240.089628,1777081235196,60,40,0,0,3,0,469.359,8,0,249.192,,,,,3311,301056,2820
1777081240.152572,1777081235196,61,39,0,0,3,0,469.359,8,0,249.192,,,,,3311,301056,2820
1777081240.222487,1777081235196,62,38,0,0,3,0,469.359,8,0,249.192,,,,,3311,301056,2820
1777081240.286642,1777081235196,63,37,0,0,3,0,469.359,8,0,249.192,,,,,3311,301056,2820
1777081240.356297,1777081235196,64,36,0,0,3,0,469.359,8,0,249.192,,,,,3311,301056,2820
1777081240.422954,1777081235196,65,35,0,0,3,0,469.359,8,0,249.192,,,,,3311,301056,2820
1777081240.489618,1777081235196,66,34,0,0,3,0,469.359,8,0,249.192,,,,,3311,301056,2820
1777081240.556283,1777081235196,67,33,0,0,3,0,469.359,8,0,249.192,,,,,3311,301056,2820
1777081240.622949,1777081235196,68,32,0,0,3,0,469.359,8,0,249.192,,,,,3311,301056,2820
1777081240.689613,1777081235196,69,31,0,0,3,0,469.359,8,0,249.192,,,,,3311,301056,2820
1777081240.756273,1777081235196,70,30,0,0,3,0,469.359,8,0,249.192,,,,,3311,301056,2820
1777081240.822955,1777081235196,71,29,0,0,3,0,469.359,8,0,249.192,,,,,3311,301056,2820
1777081240.888563,1777081235196,72,28,0,0,3,0,469.359,8,0,249.192,,,,,3311,301056,2820
1777081240.956273,1777081235196,73,27,0,0,3,0,469.359,8,0,249.192,,,,,3311,301056,2820
1777081241.022937,1777081235196,74,26,0,0,3,0,469.359,8,0,249.192,,,,,3311,301056,2820
1777081241.089603,1777081235197,75,25,0,1,3,0,469.359,8,10,250.822,,,,,3311,301056,2820
1777081241.341292,1777081235197,76,24,0,0,3,0,469.359,8,9,250.822,,,,,3311,301056,2820
1777081241.341326,1777081235197,77,23,0,0,3,0,469.359,8,8,250.822,,,,,3311,301056,2820
1777081241.341342,1777081235197,78,22,0,0,3,0,469.359,8,7,250.822,,,,,3311,301056,2820
1777081241.353742,1777081235197,79,21,0,0,3,0,469.359,8,6,250.822,,,,,3311,301056,2820
1777081241.421855,1777081235197,80,20,0,0,3,0,469.359,8,5,250.822,,,,,3311,301056,2820
1777081241.489587,1777081235197,81,44,0,0,4,1,399.263,6,4,250.822,1777081235196,75,50,7,3311,301056,2820
1777081241.552226,1777081235197,82,43,0,0,4,0,399.263,6,3,250.822,,,,,3311,301056,2820
1777081241.620555,1777081235197,83,42,0,0,4,0,399.263,6,2,250.822,,,,,3311,301056,2820
1777081241.689327,1777081235197,84,41,0,0,4,0,399.263,6,1,250.822,,,,,3311,301056,2820
1777081241.756255,1777081235197,85,40,0,0,4,0,399.263,6,0,250.822,,,,,3311,301056,2820
1777081241.822928,1777081235197,86,39,0,0,4,0,399.263,6,0,250.822,,,,,3311,301056,2820
1777081241.889590,1777081235197,87,38,0,0,4,0,399.263,6,0,250.822,,,,,3311,301056,2820
1777081241.952117,1777081235197,88,37,0,0,4,0,399.263,6,0,250.822,,,,,3311,301056,2820
1777081242.022908,1777081235197,89,36,0,0,4,0,399.263,6,0,250.822,,,,,3311,301056,2820
1777081242.085674,1777081235197,90,35,0,0,4,0,399.263,6,0,250.822,,,,,3311,301056,2820
1777081242.153594,1777081235197,91,34,0,0,4,0,399.263,6,0,250.822,,,,,3311,301056,2820
1777081242.222916,1777081235197,92,33,0,0,4,0,399.263,6,0,250.822,,,,,3311,301056,2820
1777081242.289576,1777081235197,93,32,0,0,4,0,399.263,6,0,250.822,,,,,3311,301056,2820
1777081242.356234,1777081235197,94,31,0,0,4,0,399.263,6,0,250.822,,,,,3311,301056,2820
1777081242.422898,1777081235197,95,30,0,0,4,0,399.263,6,0,250.822,,,,,3311,301056,2820
1777081242.489566,1777081235197,96,29,0,0,4,0,399.263,6,0,250.822,,,,,3311,301056,2820
1777081242.556226,1777081235197,97,28,0,0,4,0,399.263,6,0,250.822,,,,,3311,301056,2820
1777081242.622904,1777081235197,98,27,0,0,4,0,399.263,6,0,250.822,,,,,3311,301056,2820
1777081242.689562,1777081235197,99,26,0,0,4,0,399.263,6,0,250.822,,,,,3311,301056,2820
1777081242.756225,1777081235198,100,25,0,1,4,0,399.263,6,8,253.241,,,,,3311,301056,2820
1777081243.010653,1777081235198,101,24,0,0,4,0,399.263,6,7,253.241,,,,,3311,301056,2820
1777081243.010691,1777081235198,102,23,0,0,4,0,399.263,6,6,253.241,,,,,3311,301056,2820
1777081243.010706,1777081235198,103,22,0,0,4,0,399.263,6,5,253.241,,,,,3311,301056,2820
1777081243.019666,1777081235198,104,21,0,0,4,0,399.263,6,4,253.241,,,,,3311,301056,2820
1777081243.089561,1777081235198,105,20,0,0,4,0,399.263,6,3,253.241,,,,,3311,301056,2820
1777081243.156218,1777081235198,106,19,0,0,4,0,399.263,6,2,253.241,,,,,3311,301056,2820
1777081243.222876,1777081235198,107,43,0,0,5,1,465.658,7,1,253.241,1777081235197,100,50,7,3311,301056,2820
1777081243.289545,1777081235198,108,42,0,0,5,0,465.658,7,0,253.241,,,,,3311,301056,2820
1777081243.356215,1777081235198,109,41,0,0,5,0,465.658,7,0,253.241,,,,,3311,301056,2820
1777081243.422076,1777081235198,110,40,0,0,5,0,465.658,7,0,253.241,,,,,3311,301056,2820
1777081243.485157,1777081235198,111,39,0,0,5,0,465.658,7,0,253.241,,,,,3311,301056,2820
1777081243.552350,1777081235198,112,38,0,0,5,0,465.658,7,0,253.241,,,,,3311,301056,2820
1777081243.617892,1777081235198,113,37,0,0,5,0,465.658,7,0,253.241,,,,,3311,301056,2820
1777081243.686479,1777081235198,114,36,0,0,5,0,465.658,7,0,253.241,,,,,3311,301056,2820
1777081243.756201,1777081235198,115,35,0,0,5,0,465.658,7,0,253.241,,,,,3311,301056,2820
1777081243.822860,1777081235198,116,34,0,0,5,0,465.658,7,0,253.241,,,,,3311,301056,2820
1777081243.889525,1777081235198,117,33,0,0,5,0,465.658,7,0,253.241,,,,,3311,301056,2820
1777081243.956189,1777081235198,118,32,0,0,5,0,465.658,7,0,253.241,,,,,3311,301056,2820
1777081244.022853,1777081235198,119,31,0,0,5,0,465.658,7,0,253.241,,,,,3311,301056,2820
1777081244.089530,1777081235198,120,30,0,0,5,0,465.658,7,0,253.241,,,,,3311,301056,2820
1777081244.156196,1777081235198,121,29,0,0,5,0,465.658,7,0,253.241,,,,,3311,301056,2820
1777081244.218041,1777081235198,122,28,0,0,5,0,465.658,7,0,253.241,,,,,3311,301056,2820
1777081244.285159,1777081235198,123,27,0,0,5,0,465.658,7,0,253.241,,,,,3311,301056,2820
1777081244.354215,1777081235198,124,26,0,0,5,0,465.658,7,0,253.241,,,,,3311,301056,2820
1777081244.422870,1777081235199,125,25,0,1,5,0,465.658,7,9,259.940,,,,,3311,301056,2820
1777081244.683803,1777081235199,126,24,0,0,5,0,465.658,7,8,259.940,,,,,3311,301056,2820
1777081244.683832,1777081235199,127,23,0,0,5,0,465.658,7,7,259.940,,,,,3311,301056,2820
1777081244.683845,1777081235199,128,22,0,0,5,0,465.658,7,6,259.940,,,,,3311,301056,2820
1777081244.684659,1777081235199,129,21,0,0,5,0,465.658,7,5,259.940,,,,,3311,301056,2820
1777081244.755111,1777081235199,130,20,0,0,5,0,465.658,7,4,259.940,,,,,3311,301056,2820
1777081244.822864,1777081235199,131,19,0,0,5,0,465.658,7,3,259.940,,,,,3311,301056,2820
1777081244.889504,1777081235199,132,43,0,0,6,1,465.842,7,2,259.940,1777081235198,125,50,7,3311,301056,2820
1777081244.956191,1777081235199,133,42,0,0,6,0,465.842,7,1,259.940,,,,,3311,301056,2820
1777081245.018507,1777081235199,134,41,0,0,6,0,465.842,7,0,259.940,,,,,3311,301056,2820
1777081245.089500,1777081235199,135,40,0,0,6,0,465.842,7,0,259.940,,,,,3311,301056,2820
1777081245.151645,1777081235199,136,39,0,0,6,0,465.842,7,0,259.940,,,,,3311,301056,2820
1777081245.222821,1777081235199,137,38,0,0,6,0,465.842,7,0,259.940,,,,,3311,301056,2820
1777081245.287983,1777081235199,138,37,0,0,6,0,465.842,7,0,259.940,,,,,3311,301056,2820
1777081245.356167,1777081235199,139,36,0,0,6,0,465.842,7,0,259.940,,,,,3311,301056,2820
1777081245.422835,1777081235199,140,35,0,0,6,0,465.842,7,0,259.940,,,,,3311,301056,2820
1777081245.485646,1777081235199,141,34,0,0,6,0,465.842,7,0,259.940,,,,,3311,301056,2820
1777081245.556166,1777081235199,142,33,0,0,6,0,465.842,7,0,259.940,,,,,3311,301056,2820
1777081245.622843,1777081235199,143,32,0,0,6,0,465.842,7,0,259.940,,,,,3311,301056,2820
1777081245.689486,1777081235199,144,31,0,0,6,0,465.842,7,0,259.940,,,,,3311,301056,2820
1777081245.756145,1777081235199,145,30,0,0,6,0,465.842,7,0,259.940,,,,,3311,301056,2820
1777081245.822813,1777081235199,146,29,0,0,6,0,465.842,7,0,259.940,,,,,3311,301056,2820
1777081245.889478,1777081235199,147,28,0,0,6,0,465.842,7,0,259.940,,,,,3311,301056,2820
1777081245.951800,1777081235199,148,27,0,0,6,0,465.842,7,0,259.940,,,,,3311,301056,2820
1777081246.022804,1777081235199,149,26,0,0,6,0,465.842,7,0,259.940,,,,,3311,301056,2820
1777081246.089471,1777081235200,150,25,0,1,6,0,465.842,7,9,284.921,,,,,3311,301056,2820
1777081246.375123,1777081235200,151,24,0,0,6,0,465.842,7,8,284.921,,,,,3311,301056,2820
1777081246.375168,1777081235200,152,23,0,0,6,0,465.842,7,7,284.921,,,,,3311,301056,2820
1777081246.375186,1777081235200,153,22,0,0,6,0,465.842,7,6,284.921,,,,,3311,301056,2820
1777081246.375201,1777081235200,154,21,0,0,6,0,465.842,7,5,284.921,,,,,3311,301056,2820
1777081246.422407,1777081235200,155,20,0,0,6,0,465.842,7,4,284.921,,,,,3311,301056,2820
1777081246.489451,1777081235200,156,19,0,0,6,0,465.842,7,3,284.921,,,,,3311,301056,2820
1777081246.556123,1777081235200,157,43,0,0,7,1,466.106,7,2,284.921,1777081235199,150,50,7,3311,301056,2820
1777081246.622787,1777081235200,158,42,0,0,7,0,466.106,7,1,284.921,,,,,3311,301056,2820
1777081246.689454,1777081235200,159,41,0,0,7,0,466.106,7,0,284.921,,,,,3311,301056,2820
1777081246.756116,1777081235200,160,40,0,0,7,0,466.106,7,0,284.921,,,,,3311,301056,2820
1777081246.822782,1777081235200,161,39,0,0,7,0,466.106,7,0,284.921,,,,,3311,301056,2820
1777081246.889461,1777081235200,162,38,0,0,7,0,466.106,7,0,284.921,,,,,3311,301056,2820
1777081246.956131,1777081235200,163,37,0,0,7,0,466.106,7,0,284.921,,,,,3311,301056,2820
1777081247.018941,1777081235200,164,36,0,0,7,0,466.106,7,0,284.921,,,,,3311,301056,2820
1777081247.089441,1777081235200,165,35,0,0,7,0,466.106,7,0,284.921,,,,,3311,301056,2820
1777081247.156103,1777081235200,166,34,0,0,7,0,466.106,7,0,284.921,,,,,3311,301056,2820
1777081247.218402,1777081235200,167,33,0,0,7,0,466.106,7,0,284.921,,,,,3311,301056,2820
1777081247.289448,1777081235200,168,32,0,0,7,0,466.106,7,0,284.921,,,,,3311,301056,2820
1777081247.355232,1777081235200,169,31,0,0,7,0,466.106,7,0,284.921,,,,,3311,301056,2820
1777081247.422764,1777081235200,170,30,0,0,7,0,466.106,7,0,284.921,,,,,3311,301056,2820
1777081247.489339,1777081235200,171,29,0,0,7,0,466.106,7,0,284.921,,,,,3311,301056,2820
1777081247.556091,1777081235200,172,28,0,0,7,0,466.106,7,0,284.921,,,,,3311,301056,2820
1777081247.622757,1777081235200,173,27,0,0,7,0,466.106,7,0,284.921,,,,,3311,301056,2820
1777081247.689423,1777081235200,174,26,0,0,7,0,466.106,7,0,284.921,,,,,3311,301056,2820
1777081247.756085,1777081235201,175,25,0,1,7,0,466.106,7,9,264.884,,,,,3311,301056,2820
1777081248.021773,1777081235201,176,24,0,0,7,0,466.106,7,8,264.884,,,,,3311,301056,2820
1777081248.021813,1777081235201,177,23,0,0,7,0,466.106,7,7,264.884,,,,,3311,301056,2820
1777081248.021828,1777081235201,178,22,0,0,7,0,466.106,7,6,264.884,,,,,3311,301056,2820
1777081248.021840,1777081235201,179,21,0,0,7,0,466.106,7,5,264.884,,,,,3311,301056,2820
1777081248.085083,1777081235201,180,20,0,0,7,0,466.106,7,4,264.884,,,,,3311,301056,2820
1777081248.156108,1777081235201,181,19,0,0,7,0,466.106,7,3,264.884,,,,,3311,301056,2820
1777081248.220985,1777081235201,182,43,0,0,8,1,464.273,7,2,264.884,1777081235200,175,50,7,3311,301056,2820
1777081248.289410,1777081235201,183,42,0,0,8,0,464.273,7,1,264.884,,,,,3311,301056,2820
1777081248.352158,1777081235201,184,41,0,0,8,0,464.273,7,0,264.884,,,,,3311,301056,2820
1777081248.422740,1777081235201,185,40,0,0,8,0,464.273,7,0,264.884,,,,,3311,301056,2820
1777081248.489410,1777081235201,186,39,0,0,8,0,464.273,7,0,264.884,,,,,3311,301056,2820
1777081248.551323,1777081235201,187,38,0,0,8,0,464.273,7,0,264.884,,,,,3311,301056,2820
1777081248.622757,1777081235201,188,37,0,0,8,0,464.273,7,0,264.884,,,,,3311,301056,2820
1777081248.689406,1777081235201,189,36,0,0,8,0,464.273,7,0,264.884,,,,,3311,301056,2820
1777081248.756062,1777081235201,190,35,0,0,8,0,464.273,7,0,264.884,,,,,3311,301056,2820
1777081248.822723,1777081235201,191,34,0,0,8,0,464.273,7,0,264.884,,,,,3311,301056,2820
1777081248.889391,1777081235201,192,33,0,0,8,0,464.273,7,0,264.884,,,,,3311,301056,2820
1777081248.951762,1777081235201,193,32,0,0,8,0,464.273,7,0,264.884,,,,,3311,301056,2820
1777081249.018442,1777081235201,194,31,0,0,8,0,464.273,7,0,264.884,,,,,3311,301056,2820
1777081249.089388,1777081235201,195,30,0,0,8,0,464.273,7,0,264.884,,,,,3311,301056,2820
1777081249.156048,1777081235201,196,29,0,0,8,0,464.273,7,0,264.884,,,,,3311,301056,2820
1777081249.218282,1777081235201,197,28,0,0,8,0,464.273,7,0,264.884,,,,,3311,301056,2820
1777081249.289385,1777081235201,198,27,0,0,8,0,464.273,7,0,264.884,,,,,3311,301056,2820
1777081249.355124,1777081235201,199,26,0,0,8,0,464.273,7,0,264.884,,,,,3311,301056,2820
1777081249.419676,1777081235202,200,25,0,1,8,0,464.273,7,9,252.531,,,,,3311,301056,2820
1777081249.673013,1777081235202,201,24,0,0,8,0,464.273,7,8,252.531,,,,,3311,301056,2820
1777081249.673053,1777081235202,202,23,0,0,8,0,464.273,7,7,252.531,,,,,3311,301056,2820
1777081249.673068,1777081235202,203,22,0,0,8,0,464.273,7,6,252.531,,,,,3311,301056,2820
1777081249.687189,1777081235202,204,21,0,0,8,0,464.273,7,5,252.531,,,,,3311,301056,2820
1777081249.752956,1777081235202,205,20,0,0,8,0,464.273,7,4,252.531,,,,,3311,301056,2820
1777081249.817914,1777081235202,206,19,0,0,8,0,464.273,7,3,252.531,,,,,3311,301056,2820
1777081249.889373,1777081235202,207,43,0,0,9,1,469.071,8,2,252.531,1777081235201,200,50,7,3311,301056,2820
1777081249.953094,1777081235202,208,42,0,0,9,0,469.071,8,1,252.531,,,,,3311,301056,2820
1777081250.022712,1777081235202,209,41,0,0,9,0,469.071,8,0,252.531,,,,,3311,301056,2820
1777081250.089196,1777081235202,210,40,0,0,9,0,469.071,8,0,252.531,,,,,3311,301056,2820
1777081250.156023,1777081235202,211,39,0,0,9,0,469.071,8,0,252.531,,,,,3311,301056,2820
1777081250.222696,1777081235202,212,38,0,0,9,0,469.071,8,0,252.531,,,,,3311,301056,2820
1777081250.289358,1777081235202,213,37,0,0,9,0,469.071,8,0,252.531,,,,,3311,301056,2820
1777081250.356020,1777081235202,214,36,0,0,9,0,469.071,8,0,252.531,,,,,3311,301056,2820
1777081250.418151,1777081235202,215,35,0,0,9,0,469.071,8,0,252.531,,,,,3311,301056,2820
1777081250.487669,1777081235202,216,34,0,0,9,0,469.071,8,0,252.531,,,,,3311,301056,2820
1777081250.556019,1777081235202,217,33,0,0,9,0,469.071,8,0,252.531,,,,,3311,301056,2820
1777081250.619552,1777081235202,218,32,0,0,9,0,469.071,8,0,252.531,,,,,3311,301056,2820
1777081250.689345,1777081235202,219,31,0,0,9,0,469.071,8,0,252.531,,,,,3311,301056,2820
1777081250.756024,1777081235202,220,30,0,0,9,0,469.071,8,0,252.531,,,,,3311,301056,2820
1777081250.822700,1777081235202,221,29,0,0,9,0,469.071,8,0,252.531,,,,,3311,301056,2820
1777081250.886578,1777081235202,222,28,0,0,9,0,469.071,8,0,252.531,,,,,3311,301056,2820
1777081250.956016,1777081235202,223,27,0,0,9,0,469.071,8,0,252.531,,,,,3311,301056,2820
1777081251.021794,1777081235202,224,26,0,0,9,0,469.071,8,0,252.531,,,,,3311,301056,2820
1777081251.089328,1777081235203,225,25,0,1,9,0,469.071,8,10,251.199,,,,,3311,301056,2820
1777081251.341093,1777081235203,226,24,0,0,9,0,469.071,8,9,251.199,,,,,3311,301056,2820
1777081251.341127,1777081235203,227,23,0,0,9,0,469.071,8,8,251.199,,,,,3311,301056,2820
1777081251.341143,1777081235203,228,22,0,0,9,0,469.071,8,7,251.199,,,,,3311,301056,2820
1777081251.353445,1777081235203,229,21,0,0,9,0,469.071,8,6,251.199,,,,,3311,301056,2820
1777081251.419725,1777081235203,230,20,0,0,9,0,469.071,8,5,251.199,,,,,3311,301056,2820
1777081251.489334,1777081235203,231,19,0,0,9,0,469.071,8,4,251.199,,,,,3311,301056,2820
1777081251.556000,1777081235203,232,43,0,0,10,1,466.292,7,3,251.199,1777081235202,225,50,7,3311,301056,2820
1777081251.622653,1777081235203,233,42,0,0,10,0,466.292,7,2,251.199,,,,,3311,301056,2820
1777081251.689316,1777081235203,234,41,0,0,10,0,466.292,7,1,251.199,,,,,3311,301056,2820
1777081251.755984,1777081235203,235,40,0,0,10,0,466.292,7,0,251.199,,,,,3311,301056,2820
1777081251.818089,1777081235203,236,39,0,0,10,0,466.292,7,0,251.199,,,,,3311,301056,2820
1777081251.884637,1777081235203,237,38,0,0,10,0,466.292,7,0,251.199,,,,,3311,301056,2820
1777081251.952651,1777081235203,238,37,0,0,10,0,466.292,7,0,251.199,,,,,3311,301056,2820
1777081252.022657,1777081235203,239,36,0,0,10,0,466.292,7,0,251.199,,,,,3311,301056,2820
1777081252.089306,1777081235203,240,35,0,0,10,0,466.292,7,0,251.199,,,,,3311,301056,2820
1777081252.155971,1777081235203,241,34,0,0,10,0,466.292,7,0,251.199,,,,,3311,301056,2820
1777081252.222631,1777081235203,242,33,0,0,10,0,466.292,7,0,251.199,,,,,3311,301056,2820
1777081252.284733,1777081235203,243,32,0,0,10,0,466.292,7,0,251.199,,,,,3311,301056,2820
1777081252.355962,1777081235203,244,31,0,0,10,0,466.292,7,0,251.199,,,,,3311,301056,2820
1777081252.418509,1777081235203,245,30,0,0,10,0,466.292,7,0,251.199,,,,,3311,301056,2820
1777081252.489296,1777081235203,246,29,0,0,10,0,466.292,7,0,251.199,,,,,3311,301056,2820
1777081252.553679,1777081235203,247,28,0,0,10,0,466.292,7,0,251.199,,,,,3311,301056,2820
1777081252.622031,1777081235203,248,27,0,0,10,0,466.292,7,0,251.199,,,,,3311,301056,2820
1777081252.689300,1777081235203,249,26,0,0,10,0,466.292,7,0,251.199,,,,,3311,301056,2820
1777081252.755958,1777081235204,250,25,0,1,10,0,466.292,7,9,248.810,,,,,3311,301056,2820
1777081253.005565,1777081235204,251,24,0,0,10,0,466.292,7,8,248.810,,,,,3311,301056,2820
1777081253.005602,1777081235204,252,23,0,0,10,0,466.292,7,7,248.810,,,,,3311,301056,2820
1777081253.005615,1777081235204,253,22,0,0,10,0,466.292,7,6,248.810,,,,,3311,301056,2820
1777081253.019451,1777081235204,254,21,0,0,10,0,466.292,7,5,248.810,,,,,3311,301056,2820
1777081253.089278,1777081235204,255,20,0,0,10,0,466.292,7,4,248.810,,,,,3311,301056,2820
1777081253.153106,1777081235204,256,19,0,0,10,0,466.292,7,3,248.810,,,,,3311,301056,2820
1777081253.221204,1777081235204,257,43,0,0,11,1,464.632,7,2,248.810,1777081235203,250,50,7,3311,301056,2820
1777081253.287920,1777081235204,258,42,0,0,11,0,464.632,7,1,248.810,,,,,3311,301056,2820
1777081253.355959,1777081235204,259,41,0,0,11,0,464.632,7,0,248.810,,,,,3311,301056,2820
1777081253.422614,1777081235204,260,40,0,0,11,0,464.632,7,0,248.810,,,,,3311,301056,2820
1777081253.489273,1777081235204,261,39,0,0,11,0,464.632,7,0,248.810,,,,,3311,301056,2820
1777081253.555940,1777081235204,262,38,0,0,11,0,464.632,7,0,248.810,,,,,3311,301056,2820
1777081253.619033,1777081235204,263,37,0,0,11,0,464.632,7,0,248.810,,,,,3311,301056,2820
1777081253.684857,1777081235204,264,36,0,0,11,0,464.632,7,0,248.810,,,,,3311,301056,2820
1777081253.755929,1777081235204,265,35,0,0,11,0,464.632,7,0,248.810,,,,,3311,301056,2820
1777081253.822592,1777081235204,266,34,0,0,11,0,464.632,7,0,248.810,,,,,3311,301056,2820
1777081253.889264,1777081235204,267,33,0,0,11,0,464.632,7,0,248.810,,,,,3311,301056,2820
1777081253.951130,1777081235204,268,32,0,0,11,0,464.632,7,0,248.810,,,,,3311,301056,2820
1777081254.020328,1777081235204,269,31,0,0,11,0,464.632,7,0,248.810,,,,,3311,301056,2820
1777081254.089255,1777081235204,270,30,0,0,11,0,464.632,7,0,248.810,,,,,3311,301056,2820
1777081254.155926,1777081235204,271,29,0,0,11,0,464.632,7,0,248.810,,,,,3311,301056,2820
1777081254.221591,1777081235204,272,28,0,0,11,0,464.632,7,0,248.810,,,,,3311,301056,2820
1777081254.289251,1777081235204,273,27,0,0,11,0,464.632,7,0,248.810,,,,,3311,301056,2820
1777081254.355909,1777081235204,274,26,0,0,11,0,464.632,7,0,248.810,,,,,3311,301056,2820
1777081254.422571,1777081235205,275,25,0,1,11,0,464.632,7,9,475.225,,,,,3312,301056,2820
1777081254.898462,1777081235205,276,49,0,0,12,1,475.353,8,8,475.225,1777081235204,275,50,7,3312,301056,2820
1777081254.898566,1777081235205,277,48,0,0,12,0,475.353,8,7,475.225,,,,,3312,301056,2820
1777081254.898585,1777081235205,278,47,0,0,12,0,475.353,8,6,475.225,,,,,3312,301056,2820
1777081254.898602,1777081235205,279,46,0,0,12,0,475.353,8,5,475.225,,,,,3312,301056,2820
1777081254.898617,1777081235205,280,45,0,0,12,0,475.353,8,4,475.225,,,,,3312,301056,2820
1777081254.898632,1777081235205,281,44,0,0,12,0,475.353,8,3,475.225,,,,,3312,301056,2820
1777081254.898647,1777081235205,282,43,0,0,12,0,475.353,8,2,475.225,,,,,3312,301056,2820
1777081254.955920,1777081235205,283,42,0,0,12,0,475.353,8,1,475.225,,,,,3312,301056,2820
1777081255.022558,1777081235205,284,41,0,0,12,0,475.353,8,0,475.225,,,,,3312,301056,2820
1777081255.085898,1777081235205,285,40,0,0,12,0,475.353,8,0,475.225,,,,,3312,301056,2820
1777081255.155899,1777081235205,286,39,0,0,12,0,475.353,8,0,475.225,,,,,3312,301056,2820
1777081255.217946,1777081235205,287,38,0,0,12,0,475.353,8,0,475.225,,,,,3312,301056,2820
1777081255.289219,1777081235205,288,37,0,0,12,0,475.353,8,0,475.225,,,,,3312,301056,2820
1777081255.353754,1777081235205,289,36,0,0,12,0,475.353,8,0,475.225,,,,,3312,301056,2820
1777081255.422545,1777081235205,290,35,0,0,12,0,475.353,8,0,475.225,,,,,3312,301056,2820
1777081255.489146,1777081235205,291,34,0,0,12,0,475.353,8,0,475.225,,,,,3312,301056,2820
1777081255.555875,1777081235205,292,33,0,0,12,0,475.353,8,0,475.225,,,,,3312,301056,2820
1777081255.622550,1777081235205,293,32,0,0,12,0,475.353,8,0,475.225,,,,,3312,301056,2820
1777081255.689210,1777081235205,294,31,0,0,12,0,475.353,8,0,475.225,,,,,3312,301056,2820
1777081255.755869,1777081235205,295,30,0,0,12,0,475.353,8,0,475.225,,,,,3312,301056,2820
1777081255.822537,1777081235205,296,29,0,0,12,0,475.353,8,0,475.225,,,,,3312,301056,2820
1777081255.889225,1777081235205,297,28,0,0,12,0,475.353,8,0,475.225,,,,,3312,301056,2820
1777081255.955872,1777081235205,298,27,0,0,12,0,475.353,8,0,475.225,,,,,3312,301056,2820
1777081256.022535,1777081235205,299,26,0,0,12,0,475.353,8,0,475.225,,,,,3312,301056,2820
1777081256.089224,1777081235206,300,25,0,1,12,0,475.353,8,10,249.320,,,,,3312,301056,2820
